index,exact_date,number
1,08/20/1000,1
2,08/01/1291,1
3,06/06/1523,1
4,12/01/1640,1
5,07/04/1776,1
6,01/01/1804,1
7,02/15/1804,1
8,08/10/1809,1
9,02/12/1810,1
10,07/20/1810,1
11,09/16/1810,1
12,05/15/1811,1
13,07/05/1811,1
14,05/17/1814,1
15,07/09/1816,1
16,03/25/1821,1
17,07/28/1821,1
18,09/15/1821,5
19,11/28/1821,1
20,05/24/1822,1
21,09/07/1822,1
22,08/06/1825,1
23,08/25/1825,1
24,07/21/1831,1
25,02/27/1844,1
26,07/26/1847,1
27,07/01/1867,1
28,09/05/1877,1
29,06/12/1898,1
30,05/20/1902,1
31,11/03/1903,1
32,06/07/1905,1
33,09/22/1908,1
34,12/29/1911,1
35,11/28/1912,1
36,02/13/1913,1
37,04/24/1916,1
38,12/06/1917,1
39,02/16/1918,1
40,02/24/1918,1
41,05/16/1918,1
42,05/28/1918,2
43,10/28/1918,1
44,11/11/1918,1
45,11/18/1918,1
46,01/22/1919,1
47,08/19/1919,1
48,10/29/1923,1
49,12/11/1931,1
50,10/03/1932,1
51,11/22/1943,1
52,06/17/1944,1
53,07/03/1944,1
54,08/15/1945,2
55,08/17/1945,1
56,09/02/1945,1
57,04/17/1946,1
58,05/25/1946,1
59,08/14/1947,1
60,08/15/1947,1
61,02/04/1948,1
62,04/01/1948,1
63,05/14/1948,1
64,12/24/1951,1
65,10/22/1953,1
66,11/09/1953,1
67,10/26/1955,1
68,11/18/1955,1
69,01/01/1956,1
70,03/20/1956,1
71,03/06/1957,1
72,08/31/1957,1
73,10/02/1958,1
74,01/01/1960,1
75,04/04/1960,1
76,04/27/1960,1
77,06/26/1960,1
78,06/30/1960,1
79,07/01/1960,1
80,08/01/1960,1
81,08/03/1960,1
82,08/05/1960,1
83,08/07/1960,1
84,08/11/1960,1
85,08/13/1960,1
86,08/15/1960,1
87,08/17/1960,1
88,09/22/1960,1
89,10/01/1960,2
90,11/28/1960,1
91,02/25/1961,1
92,04/27/1961,1
93,12/09/1961,1
94,01/01/1962,1
95,07/01/1962,2
96,07/05/1962,1
97,08/06/1962,1
98,08/31/1962,1
99,10/09/1962,1
100,12/12/1963,1
101,07/06/1964,1
102,09/21/1964,1
103,10/24/1964,1
104,02/18/1965,1
105,07/26/1965,1
106,08/09/1965,1
107,11/11/1965,1
108,05/26/1966,1
109,09/30/1966,1
110,10/04/1966,1
111,11/30/1966,1
112,05/30/1967,1
113,11/30/1967,1
114,01/31/1968,1
115,03/12/1968,1
116,09/06/1968,1
117,10/12/1968,1
118,06/04/1970,1
119,10/10/1970,1
120,03/26/1971,1
121,12/02/1971,1
122,12/16/1971,1
123,12/18/1971,1
124,07/10/1973,1
125,09/24/1973,1
126,02/07/1974,1
127,06/25/1975,1
128,07/05/1975,1
129,07/06/1975,1
130,07/12/1975,1
131,09/16/1975,1
132,11/11/1975,1
133,11/25/1975,1
134,02/27/1976,1
135,06/19/1976,1
136,06/27/1977,1
137,07/07/1978,1
138,10/01/1978,1
139,11/03/1978,1
140,02/22/1979,1
141,07/12/1979,1
142,10/27/1979,1
143,04/18/1980,1
144,07/30/1980,1
145,09/21/1981,1
146,11/01/1981,1
147,09/19/1983,1
148,10/15/1983,1
149,01/01/1984,1
150,03/11/1990,1
151,03/21/1990,1
152,04/05/1990,1
153,12/26/1990,1
154,04/09/1991,1
155,08/20/1991,1
156,08/24/1991,1
157,08/27/1991,1
158,08/31/1991,1
159,09/01/1991,1
160,09/08/1991,1
161,09/09/1991,1
162,09/21/1991,1
163,10/08/1991,1
164,10/18/1991,1
165,10/27/1991,1
166,12/16/1991,1
167,03/01/1992,1
168,06/12/1992,1
169,07/17/1992,1
170,01/01/1993,1
171,05/24/1993,1
172,05/20/2002,1
173,05/21/2006,1
174,02/17/2008,1
175,07/09/2011,1
